<?xml version="1.0" encoding="UTF-8"?>
<DEFECTS>
  <DEFECT>
    <SFA>
      <FILEPATH>c:\users\binya\desktop\study\3\b\oop\toshownow\xonix\xonix</FILEPATH>
      <FILENAME>infobar.cpp</FILENAME>
      <LINE>8</LINE>
      <COLUMN>9</COLUMN>
    </SFA>
    <DEFECTCODE>26495</DEFECTCODE>
    <DESCRIPTION>Variable 'InfoBar::m_percentage' is uninitialized. Always initialize a member variable (type.6).</DESCRIPTION>
    <FUNCTION>InfoBar::{ctor}</FUNCTION>
    <DECORATED>??0InfoBar@@QAE@XZ</DECORATED>
    <FUNCLINE>8</FUNCLINE>
    <PATH></PATH>
  </DEFECT>
</DEFECTS>